position,residue,num_aa,entropy,max_activity,max_activity_aas,max_activity_single,max_activity_aas_single
1,M,,-0.0,,,,
2,I,,-0.0,,,,
3,K,,-0.0,,,,
4,K,,-0.0,,,,
5,W,,-0.0,,,,
6,A,,-0.0,,,,
7,V,,-0.0,,,,
8,H,,-0.0,,,,
9,L,,-0.0,,,,
10,L,,-0.0,,,,
11,F,,-0.0,,,,
12,S,,-0.0,,,,
13,A,,-0.0,,,,
14,L,,-0.0,,,,
15,V,,-0.0,,,,
16,L,,-0.0,,,,
17,L,,-0.0,,,,
18,G,,-0.0,,,,
19,L,,-0.0,,,,
20,S,,-0.0,,,,
21,G,,-0.0,,,,
22,G,,-0.0,,,,
23,A,,-0.0,,,,
24,A,,-0.0,,,,
25,Y,1.0,0.0049,1.0,,1.0,
26,S,1.0,0.0049,1.0,,1.0,
27,P,1.0,0.0073,1.0,,1.0,
28,Q,1.0,0.0114,1.0,,1.0,
29,H,2.0,0.0094,2.0,Y,2.0,Y
30,A,1.0,0.0049,1.0,,1.0,
31,E,1.0,0.0049,1.0,,1.0,
32,G,1.0,0.0024,1.0,,1.0,
33,A,2.0,0.0664,2.0,"F,T",,
34,A,2.0,0.1151,2.0,"T,V",,
35,R,2.0,0.1335,2.0,"D,G,M,S,W",,
36,Y,2.0,0.1303,2.0,F,,
37,D,1.0,0.1274,1.0,,,
38,D,2.0,0.1206,2.0,"E,V",,
39,V,2.0,0.1327,2.0,I,,
40,L,2.0,0.151,2.0,"F,M",,
41,Y,2.0,0.1573,2.0,F,,
42,F,1.0,0.1645,1.0,,,
43,P,1.0,0.1412,1.0,,,
44,A,1.0,0.1438,1.0,,,
45,S,2.0,0.0849,2.0,W,,
46,R,1.0,0.1486,1.0,,,
47,Y,2.0,0.1205,2.0,F,,
48,P,1.0,0.142,1.0,,,
49,E,1.0,0.1103,1.0,,,
50,T,1.0,0.1327,1.0,,0.0,
51,G,1.0,0.1636,1.0,,0.0,
52,A,2.0,0.1451,2.0,H,0.0,
53,H,0.0,0.0964,0.0,,0.0,
54,I,1.0,0.1276,1.0,,,
55,S,2.0,0.154,2.0,"M,R",,
56,D,1.0,0.1283,1.0,,1.0,
57,A,1.0,0.1364,1.0,,,
58,I,1.0,0.1758,1.0,,,
59,K,2.0,0.1318,2.0,N,,
60,A,2.0,0.1216,2.0,"E,K,S",,
61,G,1.0,0.1042,1.0,,0.0,
62,H,1.0,0.1435,1.0,,,
63,A,1.0,0.1288,1.0,,,
64,D,2.0,0.1046,2.0,"E,L,Q",,
65,V,2.0,0.1187,2.0,I,0.0,
66,C,0.0,0.1635,0.0,,0.0,
67,T,0.0,0.1749,0.0,,0.0,
68,I,0.0,0.1333,0.0,,,
69,E,2.0,0.1129,2.0,Q,0.0,
70,R,0.0,0.1235,0.0,,0.0,
71,S,2.0,0.1106,2.0,T,,
72,G,2.0,0.0807,2.0,"N,Q",0.0,
73,A,2.0,0.1412,2.0,"G,R,V",0.0,
74,D,2.0,0.1075,2.0,"I,Y",,
75,K,2.0,0.122,2.0,E,,
76,R,0.0,0.1447,0.0,,0.0,
77,R,0.0,0.1489,0.0,,,
78,Q,1.0,0.1474,1.0,,0.0,
79,E,2.0,0.1074,2.0,D,,
80,S,1.0,0.0842,1.0,,0.0,
81,L,0.0,0.0995,0.0,,0.0,
82,K,2.0,0.1146,2.0,"E,M,W",,
83,G,1.0,0.1085,1.0,,,
84,I,1.0,0.1186,1.0,,0.0,
85,P,1.0,0.1287,1.0,,,
86,T,2.0,0.1501,2.0,S,,
87,K,2.0,0.1552,2.0,"I,M",0.0,
88,P,2.0,0.1484,2.0,T,,
89,G,1.0,0.0926,1.0,,,
90,F,1.0,0.1157,1.0,,,
91,D,0.0,0.1609,0.0,,0.0,
92,R,0.0,0.132,0.0,,0.0,
93,D,0.0,0.0786,0.0,,0.0,
94,E,0.0,0.0952,0.0,,,
95,W,1.0,0.1065,1.0,,,
96,P,0.0,0.1,0.0,,0.0,
97,M,1.0,0.1335,1.0,,,
98,A,1.0,0.1484,1.0,,0.0,
99,M,2.0,0.1838,2.0,I,0.0,
100,C,1.0,0.1264,1.0,,1.0,
101,E,1.0,0.1074,1.0,,,
102,E,0.0,0.0977,0.0,,0.0,
103,G,0.0,0.1289,0.0,,0.0,
104,G,0.0,0.1066,0.0,,0.0,
105,K,2.0,0.1545,2.0,"F,I",,
106,G,2.0,0.0949,2.0,N,,
107,A,1.0,0.1215,1.0,,0.0,
108,S,1.0,0.0609,1.0,,,
109,V,1.0,0.1169,1.0,,0.0,
110,R,1.0,0.12,1.0,,,
111,Y,1.0,0.1147,1.0,,1.0,
112,V,1.0,0.1082,1.0,,0.0,
113,S,1.0,0.1432,1.0,,,
114,S,2.0,0.093,2.0,R,,
115,S,2.0,0.0972,2.0,"A,K,Q",,
116,D,0.0,0.1294,0.0,,,
117,N,0.0,0.074,0.0,,,
118,R,1.0,0.1464,1.0,,0.0,
119,G,1.0,0.1599,1.0,,0.0,
120,A,1.0,0.1115,1.0,,0.0,
121,G,1.0,0.148,1.0,,1.0,
122,S,2.0,0.136,2.0,G,,
123,W,1.0,0.194,1.0,,0.0,
124,V,1.0,0.1799,1.0,,0.0,
125,G,1.0,0.1403,1.0,,0.0,
126,N,2.0,0.1575,2.0,"K,Q,W,Y",0.0,
127,R,1.0,0.1663,1.0,,,
128,L,2.0,0.1702,2.0,"M,T",,
129,N,1.0,0.1622,1.0,,1.0,
130,G,2.0,0.1315,2.0,"D,E,S,T",,
131,Y,1.0,0.1699,1.0,,0.0,
132,A,2.0,0.196,2.0,"P,S",0.0,
133,D,2.0,0.1472,2.0,E,1.0,
134,G,0.0,0.1839,0.0,,,
135,T,2.0,0.1458,2.0,V,1.0,
136,R,2.0,0.1484,2.0,K,,
137,I,2.0,0.1609,2.0,V,1.0,
138,L,2.0,0.1751,2.0,K,1.0,
139,F,1.0,0.1773,1.0,,1.0,
140,I,1.0,0.2039,1.0,,1.0,
141,V,1.0,0.1866,1.0,,0.0,
142,Q,1.0,0.1722,1.0,,1.0,
